{"cameraMode":{"drawMode":0,"name":"Shaded","section":"Shading Mode"},"sceneLighting":false,"audioPlay":false,"sceneViewState":{"m_AlwaysRefresh":false,"showFog":true,"showSkybox":false,"showFlares":true,"showImageEffects":true,"showParticleSystems":true,"showVisualEffectGraphs":true,"m_FxEnabled":true},"in2DMode":false,"pivot":{"x":-3.5762786865234377e-7,"y":3.436422824859619,"z":0.8814332485198975},"rotation":{"x":-0.15379858016967774,"y":0.35078826546669009,"z":-0.05852334573864937,"w":-0.9218796491622925},"size":4.888032913208008,"orthographic":false}