{"cameraMode":{"drawMode":0,"name":"Shaded","section":"Shading Mode"},"sceneLighting":false,"audioPlay":false,"sceneViewState":{"m_AlwaysRefresh":false,"showFog":true,"showSkybox":false,"showFlares":true,"showImageEffects":true,"showParticleSystems":true,"showVisualEffectGraphs":true,"m_FxEnabled":true},"in2DMode":false,"pivot":{"x":0.000004291534423828125,"y":2.794149398803711,"z":0.40071535110473635},"rotation":{"x":-0.013808243907988072,"y":-0.009902238845825196,"z":0.00013622727419715375,"w":-0.9998512864112854},"size":5.112335205078125,"orthographic":false}